zip_code,county_fips_code
90001,6037
90002,6037
90003,6037
90004,6037
90005,6037
90006,6037
90007,6037
90008,6037
90009,6037
90010,6037
90011,6037
90012,6037
90013,6037
90014,6037
90015,6037
90016,6037
90017,6037
90018,6037
90019,6037
90020,6037
90021,6037
90022,6037
90023,6037
90024,6037
90025,6037
90026,6037
90027,6037
90028,6037
90029,6037
90030,6037
90031,6037
90032,6037
90033,6037
90034,6037
90035,6037
90036,6037
90037,6037
90038,6037
90039,6037
90040,6037
90041,6037
90042,6037
90043,6037
90044,6037
90045,6037
90046,6037
90047,6037
90048,6037
90049,6037
90050,6037
90051,6037
90052,6037
90053,6037
90054,6037
90055,6037
90056,6037
90057,6037
90058,6037
90059,6037
90060,6037
90061,6037
90062,6037
90063,6037
90064,6037
90065,6037
90066,6037
90067,6037
90068,6037
90069,6037
90070,6037
90071,6037
90072,6037
90073,6037
90074,6037
90075,6037
90076,6037
90077,6037
90078,6037
90079,6037
90081,6037
90082,6037
90083,6037
90084,6037
90086,6037
90087,6037
90089,6037
90090,6037
90091,6037
90093,6037
90094,6037
90095,6037
90099,6037
90201,6037
90202,6037
90209,6037
90210,6037
90211,6037
90212,6037
90213,6037
90220,6037
90221,6037
90222,6037
90223,6037
90224,6037
90230,6037
90231,6037
90232,6037
90239,6037
90240,6037
90241,6037
90242,6037
90245,6037
90247,6037
90248,6037
90249,6037
90250,6037
90251,6037
90254,6037
90255,6037
90260,6037
90261,6037
90262,6037
90263,6037
90264,6037
90265,6037
90265,6111
90266,6037
90267,6037
90270,6037
90272,6037
90274,6037
90275,6037
90277,6037
90278,6037
90280,6037
90290,6037
90291,6037
90292,6037
90293,6037
90294,6037
90295,6037
90296,6037
90301,6037
90302,6037
90303,6037
90304,6037
90305,6037
90306,6037
90307,6037
90308,6037
90309,6037
90310,6037
90401,6037
90402,6037
90403,6037
90404,6037
90405,6037
90406,6037
90408,6037
90409,6037
90501,6037
90502,6037
90503,6037
90504,6037
90505,6037
90506,6037
90507,6037
90508,6037
90509,6037
90510,6037
90601,6037
90602,6037
90603,6037
90604,6037
90605,6037
90606,6037
90607,6037
90608,6037
90609,6037
90610,6037
90620,6059
90621,6059
90622,6059
90623,6037
90623,6059
90624,6059
90630,6037
90630,6059
90631,6037
90631,6059
90632,6059
90633,6059
90637,6037
90638,6037
90638,6059
90639,6037
90640,6037
90650,6037
90651,6037
90652,6037
90660,6037
90661,6037
90662,6037
90670,6037
90671,6037
90680,6059
90701,6037
90702,6037
90703,6037
90704,6037
90706,6037
90707,6037
90710,6037
90711,6037
90712,6037
90713,6037
90714,6037
90715,6037
90716,6037
90717,6037
90720,6059
90721,6059
90723,6037
90731,6037
90732,6037
90733,6037
90734,6037
90740,6059
90742,6059
90743,6059
90744,6037
90745,6037
90746,6037
90747,6037
90748,6037
90749,6037
90755,6037
90801,6037
90802,6037
90803,6037
90804,6037
90805,6037
90806,6037
90807,6037
90808,6037
90808,6059
90809,6037
90810,6037
90813,6037
90814,6037
90815,6037
90815,6059
90822,6037
90831,6037
90832,6037
90833,6037
90840,6037
90844,6037
90846,6037
90853,6037
90895,6037
90899,6037
91001,6037
91003,6037
91006,6037
91007,6037
91008,6037
91009,6037
91010,6037
91011,6037
91012,6037
91016,6037
91017,6037
91020,6037
91021,6037
91023,6037
91024,6037
91025,6037
91030,6037
91031,6037
91040,6037
91041,6037
91042,6037
91043,6037
91046,6037
91066,6037
91077,6037
91101,6037
91102,6037
91103,6037
91104,6037
91105,6037
91106,6037
91107,6037
91108,6037
91109,6037
91114,6037
91115,6037
91116,6037
91117,6037
91118,6037
91121,6037
91123,6037
91124,6037
91125,6037
91126,6037
91129,6037
91182,6037
91184,6037
91185,6037
91188,6037
91189,6037
91199,6037
91201,6037
91202,6037
91203,6037
91204,6037
91205,6037
91206,6037
91207,6037
91208,6037
91209,6037
91210,6037
91214,6037
91221,6037
91222,6037
91224,6037
91225,6037
91226,6037
91301,6037
91302,6037
91303,6037
91304,6037
91304,6111
91305,6037
91306,6037
91307,6037
91307,6111
91308,6037
91309,6037
91310,6037
91311,6037
91311,6111
91313,6037
91316,6037
91319,6111
91320,6111
91321,6037
91322,6037
91324,6037
91325,6037
91326,6037
91327,6037
91328,6037
91329,6037
91330,6037
91331,6037
91333,6037
91334,6037
91335,6037
91337,6037
91340,6037
91341,6037
91342,6037
91343,6037
91344,6037
91345,6037
91346,6037
91350,6037
91351,6037
91352,6037
91353,6037
91354,6037
91355,6037
91356,6037
91357,6037
91358,6111
91359,6111
91360,6111
91361,6037
91361,6111
91362,6037
91362,6111
91364,6037
91365,6037
91367,6037
91371,6037
91372,6037
91376,6037
91377,6111
91380,6037
91381,6037
91382,6037
91383,6037
91384,6037
91385,6037
91386,6037
91387,6037
91390,6037
91392,6037
91393,6037
91394,6037
91395,6037
91396,6037
91401,6037
91402,6037
91403,6037
91404,6037
91405,6037
91406,6037
91407,6037
91408,6037
91409,6037
91411,6037
91412,6037
91413,6037
91416,6037
91423,6037
91426,6037
91436,6037
91470,6037
91482,6037
91495,6037
91496,6037
91499,6037
91501,6037
91502,6037
91503,6037
91504,6037
91505,6037
91506,6037
91507,6037
91508,6037
91510,6037
91521,6037
91522,6037
91523,6037
91601,6037
91602,6037
91603,6037
91604,6037
91605,6037
91606,6037
91607,6037
91608,6037
91609,6037
91610,6037
91611,6037
91612,6037
91614,6037
91615,6037
91617,6037
91701,6071
91702,6037
91706,6037
91708,6071
91709,6037
91709,6071
91710,6037
91710,6071
91711,6037
91714,6037
91715,6037
91716,6037
91722,6037
91723,6037
91724,6037
91729,6071
91730,6071
91731,6037
91732,6037
91733,6037
91734,6037
91737,6071
91739,6071
91740,6037
91741,6037
91743,6071
91744,6037
91745,6037
91746,6037
91747,6037
91748,6037
91750,6037
91752,6065
91752,6071
91754,6037
91755,6037
91756,6037
91759,6071
91761,6065
91761,6071
91762,6065
91762,6071
91763,6071
91764,6071
91765,6037
91766,6037
91766,6071
91767,6037
91768,6037
91769,6037
91770,6037
91771,6037
91772,6037
91773,6037
91775,6037
91776,6037
91778,6037
91780,6037
91784,6071
91785,6071
91786,6037
91786,6071
91788,6037
91789,6037
91790,6037
91791,6037
91792,6037
91793,6037
91801,6037
91802,6037
91803,6037
91804,6037
91896,6037
91899,6037
91901,6073
91902,6073
91903,6073
91905,6073
91906,6073
91908,6073
91910,6073
91911,6073
91912,6073
91913,6073
91914,6073
91915,6073
91916,6073
91917,6073
91921,6073
91931,6073
91932,6073
91933,6073
91934,6073
91935,6073
91941,6073
91942,6073
91943,6073
91944,6073
91945,6073
91946,6073
91948,6073
91950,6073
91951,6073
91962,6073
91963,6073
91976,6073
91977,6073
91978,6073
91979,6073
91980,6073
92003,6073
92004,6073
92007,6073
92008,6073
92009,6073
92010,6073
92011,6073
92013,6073
92014,6073
92018,6073
92019,6073
92020,6073
92021,6073
92022,6073
92023,6073
92024,6073
92025,6073
92026,6073
92027,6073
92028,6065
92028,6073
92029,6073
92030,6073
92033,6073
92036,6073
92037,6073
92038,6073
92039,6073
92040,6073
92046,6073
92049,6073
92051,6073
92052,6073
92054,6073
92055,6073
92056,6073
92057,6073
92058,6073
92059,6073
92060,6073
92061,6073
92064,6073
92065,6073
92066,6073
92067,6073
92068,6073
92069,6073
92070,6073
92071,6073
92072,6073
92074,6073
92075,6073
92078,6073
92079,6073
92081,6073
92082,6073
92083,6073
92084,6073
92085,6073
92086,6073
92088,6073
92091,6073
92092,6073
92093,6073
92096,6073
92101,6073
92102,6073
92103,6073
92104,6073
92105,6073
92106,6073
92107,6073
92108,6073
92109,6073
92110,6073
92111,6073
92112,6073
92113,6073
92114,6073
92115,6073
92116,6073
92117,6073
92118,6073
92119,6073
92120,6073
92121,6073
92122,6073
92123,6073
92124,6073
92126,6073
92127,6073
92128,6073
92129,6073
92130,6073
92131,6073
92132,6073
92134,6073
92135,6073
92136,6073
92137,6073
92138,6073
92139,6073
92140,6073
92142,6073
92143,6073
92145,6073
92147,6073
92149,6073
92150,6073
92152,6073
92153,6073
92154,6073
92155,6073
92158,6073
92159,6073
92160,6073
92161,6073
92163,6073
92165,6073
92166,6073
92167,6073
92168,6073
92169,6073
92170,6073
92171,6073
92172,6073
92173,6073
92174,6073
92175,6073
92176,6073
92177,6073
92178,6073
92179,6073
92182,6073
92191,6073
92192,6073
92193,6073
92195,6073
92196,6073
92197,6073
92198,6073
92199,6073
92201,6065
92202,6065
92203,6065
92210,6065
92211,6065
92220,6065
92222,6025
92223,6065
92223,6071
92225,6025
92225,6065
92225,6071
92226,6065
92227,6025
92230,6065
92231,6025
92232,6025
92233,6025
92234,6065
92235,6065
92236,6065
92239,6065
92240,6065
92241,6065
92242,6071
92243,6025
92244,6025
92247,6065
92248,6065
92249,6025
92250,6025
92251,6025
92252,6071
92253,6065
92254,6065
92255,6065
92256,6071
92257,6025
92258,6065
92259,6025
92260,6065
92261,6065
92262,6065
92263,6065
92264,6065
92266,6025
92267,6071
92268,6071
92270,6065
92273,6025
92274,6025
92274,6065
92275,6025
92276,6065
92277,6071
92278,6071
92280,6071
92281,6025
92282,6065
92283,6025
92284,6071
92285,6071
92286,6071
92301,6071
92304,6071
92305,6071
92307,6071
92308,6071
92309,6071
92310,6071
92311,6071
92312,6071
92313,6065
92313,6071
92314,6071
92315,6071
92316,6071
92317,6071
92318,6071
92320,6065
92320,6071
92321,6071
92322,6071
92323,6071
92324,6065
92324,6071
92325,6071
92327,6071
92328,6027
92329,6071
92331,6071
92332,6071
92333,6071
92334,6071
92335,6071
92336,6071
92337,6071
92338,6071
92339,6071
92340,6071
92341,6071
92342,6071
92344,6071
92345,6071
92346,6071
92347,6071
92350,6071
92352,6071
92354,6071
92356,6071
92357,6071
92358,6071
92359,6071
92363,6071
92364,6071
92365,6071
92366,6071
92368,6071
92369,6071
92371,6071
92372,6071
92373,6065
92373,6071
92374,6071
92375,6071
92376,6071
92377,6071
92378,6071
92382,6071
92384,6027
92385,6071
92386,6071
92389,6027
92391,6071
92392,6071
92393,6071
92394,6071
92395,6071
92397,6037
92397,6071
92398,6071
92399,6065
92399,6071
92401,6071
92402,6071
92403,6071
92404,6071
92405,6071
92406,6071
92407,6071
92408,6071
92410,6071
92411,6071
92413,6071
92415,6071
92418,6071
92423,6071
92427,6071
92501,6065
92502,6065
92503,6065
92504,6065
92505,6065
92506,6065
92507,6065
92508,6065
92509,6065
92509,6071
92513,6065
92514,6065
92516,6065
92517,6065
92518,6065
92519,6065
92521,6065
92522,6065
92530,6065
92531,6065
92532,6065
92536,6065
92536,6073
92539,6065
92543,6065
92544,6065
92545,6065
92546,6065
92548,6065
92549,6065
92551,6065
92552,6065
92553,6065
92555,6065
92556,6065
92557,6065
92561,6065
92562,6065
92563,6065
92564,6065
92567,6065
92570,6065
92571,6065
92572,6065
92581,6065
92582,6065
92583,6065
92584,6065
92585,6065
92586,6065
92587,6065
92589,6065
92590,6065
92591,6065
92592,6065
92593,6065
92595,6065
92596,6065
92599,6065
92602,6059
92603,6059
92604,6059
92605,6059
92606,6059
92607,6059
92609,6059
92610,6059
92612,6059
92614,6059
92615,6059
92616,6059
92617,6059
92618,6059
92619,6059
92620,6059
92623,6059
92624,6059
92625,6059
92626,6059
92627,6059
92628,6059
92629,6059
92630,6059
92637,6059
92646,6059
92647,6059
92648,6059
92649,6059
92650,6059
92651,6059
92652,6059
92653,6059
92654,6059
92655,6059
92656,6059
92657,6059
92658,6059
92659,6059
92660,6059
92661,6059
92662,6059
92663,6059
92672,6059
92672,6073
92673,6059
92674,6059
92675,6059
92676,6059
92677,6059
92678,6059
92679,6059
92683,6059
92684,6059
92685,6059
92688,6059
92690,6059
92691,6059
92692,6059
92693,6059
92694,6059
92697,6059
92698,6059
92701,6059
92702,6059
92703,6059
92704,6059
92705,6059
92706,6059
92707,6059
92708,6059
92711,6059
92728,6059
92735,6059
92780,6059
92781,6059
92782,6059
92799,6059
92801,6059
92802,6059
92803,6059
92804,6059
92805,6059
92806,6059
92807,6059
92808,6059
92809,6059
92811,6059
92812,6059
92814,6059
92815,6059
92816,6059
92817,6059
92821,6059
92822,6059
92823,6059
92825,6059
92831,6059
92832,6059
92833,6059
92834,6059
92835,6059
92836,6059
92837,6059
92838,6059
92840,6059
92841,6059
92842,6059
92843,6059
92844,6059
92845,6059
92846,6059
92856,6059
92857,6059
92859,6059
92860,6065
92861,6059
92862,6059
92863,6059
92864,6059
92865,6059
92866,6059
92867,6059
92868,6059
92869,6059
92870,6059
92871,6059
92877,6065
92878,6065
92879,6065
92880,6065
92880,6071
92881,6065
92882,6065
92883,6065
92885,6059
92886,6059
92887,6059
92899,6059
93001,6111
93002,6111
93003,6111
93004,6111
93005,6111
93006,6111
93007,6111
93009,6111
93010,6111
93011,6111
93012,6111
93013,6083
93013,6111
93014,6083
93015,6111
93016,6111
93020,6111
93021,6111
93022,6111
93023,6111
93024,6111
93030,6111
93031,6111
93032,6111
93033,6111
93034,6111
93035,6111
93036,6111
93040,6111
93041,6111
93042,6111
93043,6111
93044,6111
93060,6111
93061,6111
93062,6111
93063,6037
93063,6111
93064,6111
93065,6111
93066,6111
93067,6083
93094,6111
93099,6111
93101,6083
93102,6083
93103,6083
93105,6083
93106,6083
93108,6083
93109,6083
93110,6083
93111,6083
93116,6083
93117,6083
93118,6083
93120,6083
93121,6083
93130,6083
93140,6083
93150,6083
93160,6083
93190,6083
93199,6083
93201,6107
93202,6031
93203,6029
93204,6029
93204,6031
93205,6029
93206,6029
93207,6107
93208,6107
93210,6019
93210,6053
93212,6031
93212,6107
93215,6029
93215,6107
93218,6107
93219,6029
93219,6107
93220,6029
93221,6107
93222,6029
93223,6107
93224,6029
93225,6029
93225,6111
93226,6029
93227,6107
93230,6031
93230,6107
93232,6031
93234,6019
93235,6107
93237,6107
93238,6029
93239,6031
93240,6029
93241,6029
93242,6019
93242,6031
93243,6029
93243,6037
93244,6107
93245,6031
93246,6031
93247,6107
93249,6029
93250,6029
93251,6029
93252,6029
93252,6079
93252,6083
93252,6111
93254,6079
93254,6083
93255,6029
93256,6107
93257,6107
93258,6107
93260,6107
93261,6107
93262,6107
93263,6029
93265,6107
93266,6031
93267,6107
93268,6029
93270,6107
93271,6107
93272,6107
93274,6031
93274,6107
93275,6107
93276,6029
93277,6107
93278,6107
93279,6107
93280,6029
93283,6029
93285,6029
93286,6107
93287,6029
93290,6107
93291,6107
93292,6107
93301,6029
93302,6029
93303,6029
93304,6029
93305,6029
93306,6029
93307,6029
93308,6029
93309,6029
93311,6029
93312,6029
93313,6029
93314,6029
93380,6029
93384,6029
93385,6029
93386,6029
93387,6029
93388,6029
93389,6029
93390,6029
93401,6079
93402,6079
93403,6079
93405,6079
93406,6079
93407,6079
93408,6079
93409,6079
93410,6079
93412,6079
93420,6079
93421,6079
93422,6079
93423,6079
93424,6079
93426,6053
93426,6079
93427,6083
93428,6079
93429,6083
93430,6079
93432,6079
93433,6079
93434,6083
93435,6079
93436,6083
93437,6083
93438,6083
93440,6083
93441,6083
93442,6079
93443,6079
93444,6079
93445,6079
93446,6079
93447,6079
93448,6079
93449,6079
93450,6053
93451,6053
93451,6079
93452,6079
93453,6079
93454,6079
93454,6083
93455,6083
93456,6083
93457,6083
93458,6079
93458,6083
93460,6083
93461,6029
93461,6079
93463,6083
93464,6083
93465,6079
93475,6079
93483,6079
93501,6029
93502,6029
93504,6029
93505,6029
93510,6037
93512,6051
93513,6027
93514,6027
93514,6051
93515,6027
93516,6029
93516,6071
93517,6051
93518,6029
93522,6027
93523,6029
93524,6029
93526,6027
93527,6027
93527,6029
93527,6107
93528,6029
93529,6051
93530,6027
93531,6029
93532,6037
93534,6037
93535,6037
93536,6029
93536,6037
93539,6037
93541,6051
93543,6037
93544,6037
93545,6027
93546,6027
93546,6051
93549,6027
93550,6037
93551,6037
93552,6037
93553,6037
93554,6029
93555,6029
93555,6071
93556,6029
93560,6029
93560,6037
93561,6029
93562,6071
93563,6037
93581,6029
93584,6037
93586,6037
93590,6037
93591,6037
93592,6071
93599,6037
93601,6039
93601,6043
93602,6019
93602,6039
93603,6019
93603,6107
93604,6039
93605,6019
93606,6019
93608,6019
93609,6019
93610,6039
93610,6047
93611,6019
93612,6019
93613,6019
93614,6039
93615,6107
93616,6019
93618,6019
93618,6107
93619,6019
93620,6019
93620,6039
93620,6047
93621,6019
93622,6019
93622,6039
93622,6047
93623,6043
93624,6019
93625,6019
93626,6019
93626,6039
93627,6019
93628,6019
93630,6019
93630,6039
93631,6019
93631,6031
93631,6107
93633,6107
93634,6019
93635,6047
93636,6039
93637,6039
93638,6039
93639,6039
93640,6019
93641,6019
93641,6107
93642,6019
93643,6039
93644,6039
93645,6039
93646,6019
93646,6107
93647,6019
93647,6107
93648,6019
93649,6019
93650,6019
93651,6019
93652,6019
93653,6039
93653,6043
93654,6019
93654,6107
93656,6019
93656,6031
93657,6019
93660,6019
93661,6047
93662,6019
93664,6019
93665,6047
93666,6107
93667,6019
93668,6019
93669,6039
93670,6107
93673,6107
93675,6019
93675,6107
93701,6019
93702,6019
93703,6019
93704,6019
93705,6019
93706,6019
93707,6019
93708,6019
93709,6019
93710,6019
93711,6019
93712,6019
93714,6019
93715,6019
93716,6019
93717,6019
93718,6019
93720,6019
93720,6039
93721,6019
93722,6019
93723,6019
93724,6019
93725,6019
93726,6019
93727,6019
93728,6019
93729,6019
93730,6019
93737,6019
93740,6019
93741,6019
93744,6019
93745,6019
93747,6019
93750,6019
93755,6019
93760,6019
93761,6019
93764,6019
93765,6019
93771,6019
93772,6019
93773,6019
93774,6019
93775,6019
93776,6019
93777,6019
93778,6019
93779,6019
93786,6019
93790,6019
93791,6019
93792,6019
93793,6019
93794,6019
93844,6019
93888,6019
93901,6053
93902,6053
93905,6053
93906,6053
93907,6053
93908,6053
93912,6053
93915,6053
93920,6053
93921,6053
93922,6053
93923,6053
93924,6053
93925,6053
93925,6069
93926,6053
93927,6053
93928,6053
93930,6053
93932,6053
93933,6053
93940,6053
93942,6053
93943,6053
93944,6053
93950,6053
93953,6053
93954,6053
93955,6053
93960,6053
93962,6053
94002,6081
94005,6081
94010,6081
94011,6081
94014,6075
94014,6081
94015,6081
94017,6081
94018,6081
94019,6081
94020,6081
94020,6085
94021,6081
94022,6085
94023,6085
94024,6085
94025,6081
94026,6081
94027,6081
94028,6081
94028,6085
94030,6081
94035,6085
94037,6081
94038,6081
94039,6085
94040,6085
94041,6085
94042,6085
94043,6085
94044,6081
94060,6081
94060,6087
94061,6081
94062,6081
94063,6081
94064,6081
94065,6081
94066,6081
94070,6081
94074,6081
94080,6081
94083,6081
94085,6085
94086,6085
94087,6085
94088,6085
94089,6085
94102,6075
94103,6075
94104,6075
94105,6075
94107,6075
94108,6075
94109,6075
94110,6075
94111,6075
94112,6075
94112,6081
94114,6075
94115,6075
94116,6075
94117,6075
94118,6075
94119,6075
94121,6075
94122,6075
94123,6075
94124,6075
94125,6081
94126,6075
94127,6075
94128,6081
94129,6075
94130,6075
94131,6075
94132,6075
94133,6075
94134,6075
94134,6081
94140,6075
94141,6075
94143,6075
94146,6075
94147,6075
94158,6075
94159,6075
94164,6075
94188,6075
94301,6085
94302,6085
94303,6081
94303,6085
94304,6085
94305,6085
94306,6085
94401,6081
94402,6081
94403,6081
94404,6081
94497,6081
94501,6001
94502,6001
94503,6055
94505,6001
94505,6013
94506,6013
94507,6013
94508,6055
94509,6013
94510,6095
94511,6013
94512,6095
94513,6013
94514,6001
94514,6013
94515,6055
94515,6097
94516,6013
94517,6013
94518,6013
94519,6013
94520,6013
94521,6013
94522,6013
94523,6013
94524,6013
94525,6013
94526,6013
94528,6013
94530,6013
94531,6013
94533,6095
94534,6055
94534,6095
94535,6095
94536,6001
94537,6001
94538,6001
94539,6001
94540,6001
94541,6001
94542,6001
94543,6001
94544,6001
94545,6001
94546,6001
94547,6013
94548,6013
94549,6013
94550,6001
94550,6085
94550,6099
94551,6001
94551,6013
94552,6001
94553,6013
94555,6001
94556,6013
94557,6001
94558,6055
94558,6095
94558,6097
94559,6055
94560,6001
94561,6013
94562,6055
94563,6013
94564,6013
94565,6013
94566,6001
94567,6055
94568,6001
94568,6013
94569,6013
94570,6013
94571,6067
94571,6095
94572,6013
94573,6055
94574,6055
94574,6097
94575,6013
94576,6055
94577,6001
94578,6001
94579,6001
94580,6001
94581,6055
94582,6013
94583,6013
94585,6095
94586,6001
94587,6001
94588,6001
94588,6013
94589,6095
94590,6095
94591,6055
94591,6095
94592,6095
94595,6013
94596,6013
94597,6013
94598,6013
94599,6055
94601,6001
94602,6001
94603,6001
94604,6001
94605,6001
94606,6001
94607,6001
94608,6001
94609,6001
94610,6001
94611,6001
94611,6013
94612,6001
94613,6001
94614,6001
94615,6001
94618,6001
94619,6001
94620,6001
94621,6001
94623,6001
94624,6001
94661,6001
94662,6001
94666,6001
94701,6001
94702,6001
94703,6001
94704,6001
94705,6001
94706,6001
94706,6013
94707,6001
94707,6013
94708,6001
94708,6013
94709,6001
94710,6001
94712,6001
94720,6001
94801,6013
94802,6013
94803,6013
94804,6013
94805,6013
94806,6013
94807,6013
94820,6013
94850,6013
94901,6041
94903,6041
94904,6041
94912,6041
94913,6041
94914,6041
94915,6041
94920,6041
94922,6097
94923,6097
94924,6041
94925,6041
94927,6097
94928,6097
94929,6041
94930,6041
94931,6097
94933,6041
94937,6041
94938,6041
94939,6041
94940,6041
94941,6041
94942,6041
94945,6041
94945,6097
94946,6041
94947,6041
94948,6041
94949,6041
94950,6041
94951,6097
94952,6041
94952,6097
94953,6097
94954,6097
94955,6097
94956,6041
94957,6041
94960,6041
94963,6041
94964,6041
94965,6041
94966,6041
94970,6041
94971,6041
94972,6097
94973,6041
94974,6041
94975,6097
94976,6041
94977,6041
94978,6041
94979,6041
94999,6097
95001,6087
95002,6085
95003,6087
95004,6053
95004,6069
95005,6087
95006,6087
95007,6087
95008,6085
95009,6085
95010,6087
95011,6085
95012,6053
95013,6085
95014,6085
95015,6085
95017,6087
95018,6087
95019,6087
95020,6085
95021,6085
95023,6069
95023,6085
95024,6069
95026,6085
95030,6085
95031,6085
95032,6085
95033,6085
95033,6087
95035,6001
95035,6085
95036,6085
95037,6085
95038,6085
95039,6053
95041,6087
95043,6069
95044,6085
95045,6069
95046,6085
95050,6085
95051,6085
95052,6085
95054,6085
95055,6085
95056,6085
95060,6087
95061,6087
95062,6087
95063,6087
95064,6087
95065,6087
95066,6087
95067,6087
95070,6085
95071,6085
95073,6087
95075,6069
95076,6053
95076,6085
95076,6087
95077,6087
95101,6085
95103,6085
95106,6085
95108,6085
95109,6085
95110,6085
95111,6085
95112,6085
95113,6085
95116,6085
95117,6085
95118,6085
95119,6085
95120,6085
95121,6085
95122,6085
95123,6085
95124,6085
95125,6085
95126,6085
95127,6085
95128,6085
95129,6085
95130,6085
95131,6085
95132,6085
95133,6085
95134,6085
95135,6085
95136,6085
95138,6085
95139,6085
95140,6085
95141,6085
95148,6085
95150,6085
95151,6085
95152,6085
95153,6085
95154,6085
95155,6085
95156,6085
95157,6085
95158,6085
95159,6085
95160,6085
95161,6085
95164,6085
95170,6085
95172,6085
95173,6085
95191,6085
95192,6085
95201,6077
95202,6077
95203,6077
95204,6077
95205,6077
95206,6077
95207,6077
95208,6077
95209,6077
95210,6077
95211,6077
95212,6077
95213,6077
95215,6077
95219,6077
95220,6077
95221,6009
95222,6009
95223,6003
95223,6009
95224,6009
95225,6009
95226,6009
95227,6077
95228,6009
95229,6009
95230,6009
95230,6077
95230,6099
95231,6077
95232,6009
95233,6009
95234,6077
95236,6009
95236,6077
95237,6077
95240,6077
95241,6077
95242,6077
95245,6009
95246,6009
95247,6009
95248,6009
95249,6009
95251,6009
95252,6009
95253,6077
95254,6009
95255,6009
95257,6009
95258,6077
95267,6077
95269,6077
95301,6047
95303,6047
95304,6077
95305,6109
95306,6043
95307,6099
95309,6109
95310,6109
95311,6043
95311,6109
95312,6047
95313,6099
95315,6047
95316,6047
95316,6099
95317,6047
95318,6043
95319,6099
95320,6077
95321,6043
95321,6109
95322,6047
95322,6099
95323,6099
95324,6047
95324,6099
95325,6043
95326,6099
95327,6109
95328,6099
95329,6043
95329,6099
95329,6109
95330,6077
95333,6047
95334,6047
95335,6109
95336,6077
95337,6077
95338,6043
95340,6047
95341,6047
95343,6047
95344,6047
95345,6043
95346,6109
95347,6109
95348,6047
95350,6099
95351,6099
95352,6099
95353,6099
95354,6099
95355,6099
95356,6099
95357,6099
95358,6099
95360,6047
95360,6099
95361,6077
95361,6099
95363,6099
95364,6109
95365,6047
95366,6077
95367,6077
95367,6099
95368,6099
95369,6043
95369,6047
95370,6109
95372,6109
95373,6109
95374,6047
95375,6109
95376,6077
95377,6001
95377,6077
95378,6077
95379,6109
95380,6047
95380,6099
95381,6099
95382,6099
95383,6109
95385,6077
95385,6099
95386,6099
95387,6099
95388,6047
95389,6043
95391,6001
95391,6077
95397,6099
95401,6097
95402,6097
95403,6097
95404,6097
95405,6097
95406,6097
95407,6097
95409,6097
95410,6045
95412,6097
95415,6045
95416,6097
95417,6045
95418,6045
95419,6097
95420,6045
95421,6097
95422,6033
95423,6033
95424,6033
95425,6097
95426,6033
95427,6045
95428,6045
95429,6045
95430,6097
95431,6097
95432,6045
95433,6097
95435,6033
95436,6097
95437,6045
95439,6097
95441,6097
95442,6097
95443,6033
95444,6097
95445,6045
95445,6097
95446,6097
95448,6097
95449,6045
95450,6097
95451,6033
95452,6097
95453,6033
95454,6045
95456,6045
95457,6033
95458,6033
95459,6045
95460,6045
95461,6033
95461,6055
95461,6097
95462,6097
95463,6045
95464,6033
95465,6097
95466,6045
95467,6033
95468,6045
95469,6033
95469,6045
95470,6045
95471,6097
95472,6097
95473,6097
95476,6055
95476,6097
95480,6097
95481,6045
95482,6045
95485,6033
95486,6097
95487,6097
95488,6045
95490,6045
95492,6097
95493,6033
95494,6045
95497,6097
95501,6023
95502,6023
95503,6023
95511,6023
95514,6023
95518,6023
95519,6023
95521,6023
95524,6023
95525,6023
95526,6023
95526,6105
95527,6105
95528,6023
95531,6015
95532,6015
95534,6023
95536,6023
95537,6023
95538,6015
95540,6023
95542,6023
95542,6045
95543,6015
95545,6023
95546,6023
95547,6023
95548,6015
95549,6023
95550,6023
95551,6023
95552,6105
95553,6023
95554,6023
95555,6023
95556,6023
95558,6023
95559,6023
95560,6023
95562,6023
95563,6105
95564,6023
95565,6023
95567,6015
95568,6023
95568,6093
95569,6023
95570,6023
95571,6023
95573,6023
95585,6045
95587,6023
95587,6045
95589,6023
95589,6045
95595,6105
95601,6005
95602,6057
95602,6061
95603,6061
95604,6061
95605,6113
95606,6113
95607,6113
95608,6067
95609,6067
95610,6067
95611,6067
95612,6113
95613,6017
95614,6017
95615,6067
95615,6113
95616,6095
95616,6113
95617,6113
95618,6095
95618,6113
95619,6017
95620,6095
95620,6113
95621,6067
95623,6017
95624,6067
95625,6095
95626,6061
95626,6067
95626,6101
95627,6113
95628,6067
95629,6005
95629,6017
95630,6067
95631,6061
95632,6067
95632,6077
95633,6017
95634,6017
95635,6017
95636,6017
95637,6113
95638,6067
95639,6067
95640,6005
95641,6067
95642,6005
95645,6011
95645,6101
95645,6113
95646,6005
95648,6061
95650,6061
95651,6017
95652,6067
95653,6113
95654,6005
95655,6067
95656,6017
95658,6061
95659,6101
95660,6067
95661,6061
95662,6067
95663,6061
95664,6017
95665,6005
95666,6005
95666,6017
95667,6017
95668,6061
95668,6101
95669,6005
95670,6067
95671,6067
95672,6017
95673,6067
95674,6101
95675,6005
95676,6101
95677,6061
95678,6061
95678,6067
95679,6113
95680,6067
95681,6061
95682,6017
95683,6067
95684,6017
95685,6005
95686,6077
95687,6095
95688,6095
95689,6005
95690,6067
95690,6077
95690,6095
95691,6113
95692,6101
95692,6115
95693,6067
95694,6095
95694,6113
95695,6113
95696,6095
95697,6113
95698,6113
95699,6005
95701,6061
95703,6061
95709,6017
95712,6057
95713,6061
95714,6061
95715,6061
95717,6061
95720,6017
95721,6017
95722,6061
95726,6017
95728,6057
95735,6017
95736,6061
95741,6067
95742,6067
95746,6061
95747,6061
95757,6067
95758,6067
95759,6067
95762,6017
95763,6067
95765,6061
95776,6113
95798,6113
95799,6113
95811,6067
95812,6067
95813,6067
95814,6067
95815,6067
95816,6067
95817,6067
95818,6067
95819,6067
95820,6067
95821,6067
95822,6067
95823,6067
95824,6067
95825,6067
95826,6067
95827,6067
95828,6067
95829,6067
95830,6067
95831,6067
95832,6067
95833,6067
95834,6067
95835,6067
95836,6067
95836,6101
95837,6067
95837,6101
95838,6067
95840,6067
95841,6067
95842,6067
95843,6067
95851,6067
95852,6067
95853,6067
95860,6067
95864,6067
95865,6067
95866,6067
95867,6067
95894,6067
95901,6007
95901,6115
95903,6115
95910,6091
95912,6011
95912,6113
95913,6021
95914,6007
95914,6115
95915,6063
95916,6007
95917,6007
95918,6115
95919,6115
95920,6021
95922,6091
95922,6115
95923,6063
95924,6057
95925,6115
95926,6007
95927,6007
95928,6007
95929,6007
95930,6007
95930,6063
95932,6011
95934,6063
95935,6115
95936,6091
95937,6113
95938,6007
95939,6011
95939,6021
95940,6007
95941,6007
95941,6115
95942,6007
95943,6021
95944,6091
95945,6057
95946,6057
95947,6063
95948,6007
95948,6101
95949,6057
95950,6011
95951,6021
95953,6101
95954,6007
95955,6011
95956,6063
95957,6011
95957,6101
95958,6007
95959,6057
95960,6057
95960,6091
95960,6115
95961,6115
95962,6115
95963,6021
95963,6103
95965,6007
95966,6007
95966,6115
95967,6007
95968,6007
95969,6007
95970,6011
95970,6021
95971,6063
95972,6115
95973,6007
95973,6103
95974,6007
95975,6057
95976,6007
95977,6057
95977,6115
95978,6007
95979,6011
95980,6063
95981,6063
95981,6115
95982,6101
95983,6063
95984,6063
95986,6057
95987,6011
95988,6011
95988,6021
95991,6101
95992,6101
95993,6101
96001,6089
96002,6089
96003,6089
96006,6049
96007,6089
96007,6103
96008,6089
96009,6035
96010,6105
96011,6089
96013,6089
96014,6093
96015,6049
96016,6089
96017,6089
96019,6089
96020,6063
96021,6103
96022,6089
96022,6103
96023,6093
96024,6105
96025,6089
96025,6093
96027,6093
96028,6089
96029,6103
96031,6093
96032,6093
96033,6089
96034,6093
96035,6103
96037,6093
96038,6093
96039,6093
96040,6089
96041,6105
96044,6093
96046,6105
96047,6089
96048,6105
96049,6089
96050,6093
96051,6089
96052,6105
96054,6049
96055,6103
96056,6035
96056,6049
96056,6089
96057,6093
96058,6093
96059,6089
96059,6103
96061,6103
96062,6089
96063,6103
96064,6093
96065,6089
96067,6093
96068,6035
96069,6089
96071,6089
96073,6089
96074,6103
96075,6103
96076,6089
96076,6103
96076,6105
96078,6103
96080,6103
96084,6089
96085,6093
96086,6093
96087,6089
96088,6089
96089,6089
96090,6103
96091,6105
96092,6103
96093,6105
96094,6093
96095,6089
96096,6089
96097,6093
96099,6089
96101,6049
96103,6063
96104,6049
96105,6063
96106,6063
96107,6051
96108,6049
96109,6035
96110,6049
96111,6057
96112,6049
96113,6035
96114,6035
96115,6049
96116,6049
96117,6035
96118,6091
96119,6035
96120,6003
96121,6035
96122,6063
96123,6035
96124,6091
96125,6091
96126,6091
96127,6035
96128,6035
96129,6063
96130,6035
96132,6035
96133,6051
96134,6049
96134,6093
96135,6063
96136,6035
96137,6035
96137,6063
96140,6061
96141,6061
96142,6017
96142,6061
96143,6061
96145,6061
96146,6061
96148,6061
96150,6017
96151,6017
96155,6017
96158,6017
96160,6057
96161,6057
96161,6061
96162,6057
